{
  "PCA": {
    "correlation": 0.5253131146600516,
    "p_value": 0.025173980629479814
  },
  "TruncatedSVD": {
    "correlation": 0.5143896606585829,
    "p_value": 0.028958047697589626
  },
  "NMF": {
    "correlation": 0.6644464030844344,
    "p_value": 0.0026309979020984666
  }
}